                  epoch,         train/box_loss,         train/seg_loss,         train/cls_loss,         train/dfl_loss,   metrics/precision(B),      metrics/recall(B),       metrics/mAP50(B),    metrics/mAP50-95(B),   metrics/precision(M),      metrics/recall(M),       metrics/mAP50(M),    metrics/mAP50-95(M),           val/box_loss,           val/seg_loss,           val/cls_loss,           val/dfl_loss,                 lr/pg0,                 lr/pg1,                 lr/pg2
                      0,                 1.3278,                 4.2343,                 5.1899,                  1.473,                0.04081,                0.32339,                0.04775,                0.03439,                0.03446,                0.24607,                0.03907,                0.02545,                 1.1943,                 3.5346,                 4.3314,                 1.3012,                 0.0964,                 0.0004,                 0.0004
                      1,                 1.3298,                 4.0581,                  4.568,                  1.417,                0.05666,                0.29639,                0.06746,                0.05071,                0.05522,                 0.2925,                0.06749,                0.03946,                 1.1158,                 3.0071,                  3.982,                  1.245,               0.091896,             0.00089554,             0.00089554
                      2,                 1.1699,                 3.0797,                 3.3477,                 1.3068,                0.27493,                0.19817,                0.14694,                0.10739,                0.27493,                0.19817,                0.14601,                0.08665,                0.95139,                  2.694,                 3.4978,                 1.1437,               0.087386,              0.0013861,              0.0013861
                      3,                 1.0349,                 2.5072,                 2.5391,                 1.2266,                0.44741,                0.43923,                0.36984,                0.27213,                0.40207,                0.41472,                0.33738,                0.19889,                0.82781,                 3.0372,                 2.9454,                 1.0564,               0.082872,              0.0018718,              0.0018718
                      4,                0.91302,                 2.2878,                 2.0974,                 1.1715,                0.52671,                0.54813,                0.55804,                0.45373,                0.46323,                0.52421,                 0.5211,                0.33929,                0.76663,                 2.9663,                 2.3893,                 1.0206,               0.078352,              0.0023525,              0.0023525
                      5,                0.83088,                 2.0095,                 1.6426,                 1.0846,                0.64401,                0.51296,                0.61733,                0.51653,                0.63331,                0.50254,                0.58017,                 0.3935,                  0.749,                 3.0714,                 1.9657,                  0.985,               0.073828,              0.0028282,              0.0028282
                      6,                0.84195,                 1.8981,                 1.4272,                 1.0642,                0.62739,                0.71507,                0.71726,                0.59098,                0.56896,                0.66959,                 0.6402,                0.45554,                0.72402,                 2.8154,                 1.5304,                0.95003,               0.069299,               0.003299,               0.003299
                      7,                  0.763,                 1.7339,                 1.2946,                 1.0475,                0.63269,                0.73217,                0.76728,                 0.6462,                0.56627,                0.69148,                0.70253,                0.50514,                0.68757,                 2.4465,                 1.8143,                0.92872,               0.064765,              0.0037649,              0.0037649
                      8,                0.81834,                 1.7503,                 1.3141,                 1.0782,                 0.6401,                0.80062,                0.72976,                0.62875,                0.64076,                0.64809,                 0.6641,                0.47263,                0.68862,                 2.0439,                 1.0014,                0.92585,               0.060226,              0.0042258,              0.0042258
                      9,                0.77475,                 1.7323,                 1.0998,                  1.053,                0.84018,                0.60454,                0.68294,                0.57057,                0.80243,                0.57869,                0.62797,                0.43427,                0.72841,                 1.9112,                 1.0962,                 0.9579,               0.055682,              0.0046817,              0.0046817
                     10,                0.77211,                 1.7234,                 1.1078,                 1.0558,                0.85546,                0.61486,                0.71262,                0.58935,                  0.837,                0.59187,                0.68348,                0.46021,                0.77375,                 1.8492,                 1.0962,                0.96472,               0.051133,              0.0051327,              0.0051327
                     11,                0.77703,                  1.573,                 1.1512,                 1.0425,                0.80608,                0.71769,                0.78829,                0.66236,                0.79565,                0.70796,                0.74813,                0.52144,                0.75793,                 1.8125,                 1.0624,                0.95049,               0.046579,              0.0055787,              0.0055787
                     12,                0.75035,                 1.5234,                0.99288,                 1.0202,                0.84859,                0.67148,                0.80909,                0.67123,                0.80777,                0.65689,                0.75528,                0.54886,                0.73587,                 1.9013,                 1.0805,                0.92504,                0.04202,              0.0060198,              0.0060198
                     13,                0.78724,                 1.4952,                 1.0277,                 1.0468,                0.93709,                0.64712,                0.79983,                0.69719,                0.92598,                 0.6367,                0.76995,                0.56103,                0.68611,                 2.2374,                 0.9735,                0.92477,               0.037456,               0.006456,               0.006456
                     14,                  0.767,                 1.4437,                0.99513,                 1.0001,                0.90914,                0.73266,                0.82494,                0.68541,                0.91271,                0.71155,                0.79714,                0.57273,                0.76907,                 2.2491,                0.85526,                0.90885,               0.032887,              0.0068872,              0.0068872
                     15,                0.83902,                 1.4978,                0.97473,                  1.027,                0.64728,                0.66096,                0.75576,                0.61763,                 0.6382,                0.65055,                 0.7273,                0.51404,                0.82828,                 2.5882,                 1.1112,                0.96334,               0.028313,              0.0073134,              0.0073134
                     16,                0.76767,                 1.5494,                0.97646,                 1.0486,                0.91365,                0.70169,                0.80776,                0.68911,                0.92944,                  0.688,                0.76811,                0.57641,                0.71524,                 2.4785,                0.93896,                0.91729,               0.023735,              0.0077347,              0.0077347
                     17,                0.76941,                 1.4488,                0.92456,                 1.0199,                 0.8749,                0.76433,                0.81535,                0.69595,                0.86496,                0.75491,                0.79661,                0.59205,                0.66684,                 2.2174,                0.82052,                0.89689,               0.019151,              0.0081511,              0.0081511
                     18,                 0.7875,                 1.5417,                0.83689,                0.98795,                0.94556,                0.71988,                0.84843,                0.67856,                0.86082,                0.74274,                0.82738,                0.57375,                0.87046,                 2.3154,                0.94735,                 0.9418,               0.014562,              0.0085625,              0.0085625
                     19,                0.80191,                 1.5458,                0.90597,                 1.0071,                 0.7014,                0.79574,                0.80701,                0.65112,                0.66665,                 0.7494,                0.76074,                0.53331,                0.83644,                 2.3402,                 1.1382,                 0.9871,              0.0099689,              0.0089689,              0.0089689
                     20,                0.83709,                 1.5357,                 0.9964,                  1.035,                0.84608,                0.78516,                0.88908,                0.71536,                0.80071,                0.70148,                0.78769,                0.57522,                0.74609,                 2.5978,                0.98787,                0.94888,                0.00901,                0.00901,                0.00901
                     21,                0.75737,                 1.3634,                0.85952,                 1.0026,                0.92906,                0.73696,                0.80135,                0.68288,                 0.8998,                0.71369,                0.77555,                0.56397,                0.77102,                 2.4782,                0.83742,                0.95828,                0.00901,                0.00901,                0.00901
                     22,                0.76387,                 1.2703,                0.81251,                 0.9815,                0.74138,                0.80717,                0.86773,                0.72599,                0.69213,                0.75626,                0.79458,                0.59123,                 0.8048,                 2.7908,                0.83878,                 0.9608,              0.0089605,              0.0089605,              0.0089605
                     23,                0.83186,                 1.3974,                0.86382,                 1.0089,                0.85396,                0.86363,                0.93696,                0.72931,                0.75642,                 0.7932,                0.81854,                0.56841,                 0.8428,                 2.4734,                0.84133,                 0.9486,               0.008911,               0.008911,               0.008911
                     24,                0.89013,                 1.7164,                0.91023,                 1.0512,                0.85164,                0.84213,                0.89853,                0.72116,                0.82489,                0.81436,                0.81264,                0.60305,                0.75255,                 2.2844,                0.81677,                0.92545,              0.0088615,              0.0088615,              0.0088615
                     25,                0.75386,                 1.3456,                0.93595,                 1.0272,                0.89878,                0.82281,                0.91705,                0.72023,                0.86438,                 0.8018,                0.84517,                0.59018,                0.76577,                 2.3941,                 1.0265,                0.94194,               0.008812,               0.008812,               0.008812
                     26,                0.79871,                 1.4459,                0.86263,                 1.0357,                0.89633,                0.78993,                0.88043,                0.72821,                0.82397,                 0.7621,                0.79183,                0.58667,                0.80728,                 2.4543,                0.99213,                0.96161,              0.0087625,              0.0087625,              0.0087625
                     27,                0.77299,                 1.5465,                0.82037,                 1.0145,                0.82386,                0.86891,                0.91059,                0.73274,                0.79078,                 0.8407,                0.85978,                0.60731,                0.73275,                  1.982,                0.78272,                0.94219,               0.008713,               0.008713,               0.008713
                     28,                 0.6884,                 1.3142,                 0.7467,                  0.967,                0.83736,                0.77212,                0.89299,                 0.7203,                0.84121,                0.75859,                0.84301,                0.60599,                0.77325,                 1.9482,                0.95022,                0.94958,              0.0086635,              0.0086635,              0.0086635
                     29,                0.79119,                 1.5007,                0.82474,                 1.0218,                0.80037,                0.89236,                0.90263,                0.71178,                0.83948,                0.79427,                 0.8397,                0.61713,                 0.7505,                 1.8818,                0.86738,                0.95467,               0.008614,               0.008614,               0.008614
                     30,                0.75495,                 1.3623,                0.75695,                 0.9846,                0.84391,                 0.7354,                0.82951,                0.69374,                0.85023,                0.71162,                0.81079,                0.60085,                0.76647,                 1.7371,                0.89567,                0.95117,              0.0085645,              0.0085645,              0.0085645
                     31,                0.76005,                 1.3171,                0.77867,                 1.0116,                0.81545,                0.81997,                0.90097,                0.74057,                0.84597,                0.75605,                0.87021,                0.63039,                0.79284,                 1.8667,                0.79925,                0.96643,               0.008515,               0.008515,               0.008515
                     32,                0.83263,                 1.4677,                0.83096,                  1.034,                0.88457,                0.76957,                0.82303,                0.68108,                0.88457,                0.76957,                0.81772,                0.58504,                0.73337,                 2.0635,                0.71895,                0.94387,              0.0084655,              0.0084655,              0.0084655
                     33,                0.72592,                 1.3382,                0.80924,                0.99895,                0.91343,                0.78742,                0.80735,                0.65365,                0.91343,                0.78742,                0.80465,                0.55983,                0.75489,                 2.2655,                0.85863,                0.95612,               0.008416,               0.008416,               0.008416
                     34,                0.79201,                 1.2822,                0.76881,                 1.0029,                0.85355,                0.81299,                 0.8255,                0.66535,                0.84422,                0.80863,                0.80632,                0.58159,                0.77304,                 2.2927,                0.72237,                 0.9405,              0.0083665,              0.0083665,              0.0083665
                     35,                 0.7538,                 1.3698,                0.73232,                 1.0144,                0.82567,                 0.8346,                0.85316,                0.71235,                0.82361,                0.83936,                0.85789,                0.58261,                0.77441,                 2.3288,                0.67714,                0.95036,               0.008317,               0.008317,               0.008317
                     36,                0.74593,                 1.2842,                0.70318,                0.99994,                0.77231,                0.79055,                0.83377,                0.67396,                0.77593,                0.79502,                0.83645,                0.57614,                0.80618,                 1.9504,                0.67828,                0.96558,              0.0082675,              0.0082675,              0.0082675
                     37,                0.77464,                 1.3213,                 0.7072,                 1.0024,                0.77405,                0.91301,                0.88066,                0.74558,                0.78547,                0.84597,                0.86227,                0.60465,                0.69414,                 2.1025,                0.60872,                0.93995,               0.008218,               0.008218,               0.008218
                     38,                0.71856,                 1.3058,                0.67809,                0.98753,                0.84826,                0.86013,                0.89408,                0.72224,                 0.7887,                0.80486,                0.81132,                0.57961,                0.68756,                  2.019,                0.66047,                 0.9385,              0.0081685,              0.0081685,              0.0081685
                     39,                0.71859,                 1.3942,                0.72648,                 1.0161,                0.79365,                0.90481,                0.89789,                0.74264,                0.94741,                0.80331,                0.85503,                0.61487,                0.69647,                 1.7473,                0.62597,                0.93173,               0.008119,               0.008119,               0.008119
                     40,                0.68809,                 1.2248,                0.64549,                0.97084,                0.90516,                0.85036,                0.91602,                0.69969,                  0.893,                0.83844,                0.88125,                0.59646,                0.84023,                 1.8441,                0.69147,                0.98885,              0.0080695,              0.0080695,              0.0080695
                     41,                0.75312,                 1.2615,                0.73011,                 1.0178,                0.85146,                0.90508,                0.93825,                0.74735,                 0.8437,                0.89407,                 0.8977,                0.63339,                0.70254,                 1.7741,                0.61805,                0.93106,                0.00802,                0.00802,                0.00802
                     42,                0.74005,                  1.219,                0.70839,                 0.9986,                0.87831,                0.91155,                0.93189,                0.74977,                0.85593,                0.88127,                0.86647,                0.63776,                0.74352,                 1.9198,                0.63508,                0.93678,              0.0079705,              0.0079705,              0.0079705
                     43,                0.69112,                 1.2901,                0.63815,                0.97284,                0.77367,                0.81571,                0.84832,                0.70128,                0.74537,                0.79043,                 0.7898,                0.55502,                0.75833,                 2.1738,                0.95334,                0.97254,               0.007921,               0.007921,               0.007921
                     44,                0.71694,                 1.3312,                0.68632,                  1.001,                0.80609,                0.84902,                 0.8955,                0.74113,                0.90011,                0.74019,                0.83423,                 0.5823,                0.72747,                 1.9583,                 0.6684,                0.94451,              0.0078715,              0.0078715,              0.0078715
                     45,                 0.7311,                 1.3517,                 0.6726,                 1.0117,                0.95196,                0.80993,                0.88496,                0.73008,                0.92143,                0.78215,                0.83402,                0.60104,                0.76971,                   2.19,                0.62019,                 0.9333,               0.007822,               0.007822,               0.007822
                     46,                0.77849,                  1.266,                0.68321,                 1.0237,                0.86609,                0.85394,                0.91976,                0.78414,                0.83597,                0.82812,                0.88015,                0.65361,                0.71008,                 1.9252,                0.65232,                0.90661,              0.0077725,              0.0077725,              0.0077725
                     47,                0.72518,                 1.3151,                0.63779,                 1.0045,                0.88954,                0.87779,                0.92031,                0.77083,                0.87425,                0.81539,                0.84209,                0.60419,                0.68259,                 1.9694,                0.61139,                0.92084,               0.007723,               0.007723,               0.007723
                     48,                0.71914,                 1.2473,                0.64518,                0.98734,                 0.8795,                 0.8911,                0.93835,                 0.7864,                0.86987,                0.87287,                0.88855,                0.66254,                0.74678,                 1.6585,                0.60005,                0.91749,              0.0076735,              0.0076735,              0.0076735
                     49,                0.72886,                 1.3437,                0.66432,                0.99899,                0.83691,                 0.8662,                0.91643,                0.77602,                0.87606,                0.86464,                0.87258,                0.62012,                0.70135,                 1.9369,                0.68249,                0.90844,               0.007624,               0.007624,               0.007624
                     50,                 0.7189,                 1.2646,                0.64479,                0.98092,                0.72228,                0.85003,                0.84459,                0.73282,                 0.7102,                0.83275,                0.82396,                0.61786,                0.67298,                 1.8027,                0.67103,                0.89557,              0.0075745,              0.0075745,              0.0075745
                     51,                0.69244,                 1.2503,                0.59973,                0.98312,                0.82381,                0.85861,                 0.8873,                0.76453,                0.83492,                0.84401,                0.86546,                0.66083,                0.68705,                 1.8051,                0.61535,                0.89134,               0.007525,               0.007525,               0.007525
                     52,                0.71828,                 1.2609,                0.65171,                 1.0112,                0.93069,                0.90491,                 0.9209,                0.76234,                0.87715,                0.87161,                0.88638,                0.66776,                0.70469,                 1.7384,                0.58488,                0.90539,              0.0074755,              0.0074755,              0.0074755
                     53,                0.72689,                 1.1607,                0.61277,                0.99491,                0.83161,                0.91175,                0.92185,                0.79013,                0.89368,                0.88093,                0.88619,                0.67709,                0.67778,                  1.781,                0.56575,                0.88769,               0.007426,               0.007426,               0.007426
                     54,                0.69868,                  1.183,                0.61453,                0.99022,                0.84856,                0.93804,                0.92234,                0.79753,                0.86822,                0.89613,                0.87729,                0.68187,                0.64367,                 1.8055,                 0.6239,                0.87558,              0.0073765,              0.0073765,              0.0073765
                     55,                0.67423,                  1.068,                0.61427,                 0.9754,                0.86462,                0.91609,                0.94589,                0.78385,                0.90304,                0.88798,                0.88994,                0.68836,                0.68747,                 1.8544,                0.62629,                0.90974,               0.007327,               0.007327,               0.007327
                     56,                0.70594,                 1.1598,                0.62157,                0.97779,                0.84818,                0.92797,                0.91166,                0.77729,                0.83712,                0.84874,                0.85317,                0.66086,                0.73581,                 1.7165,                0.73833,                0.91532,              0.0072775,              0.0072775,              0.0072775
                     57,                0.73929,                 1.1162,                0.64781,                0.98748,                0.85966,                0.90715,                0.91912,                0.76131,                0.80212,                0.88838,                  0.874,                0.65393,                0.72038,                  1.752,                0.63762,                0.91988,               0.007228,               0.007228,               0.007228
                     58,                0.70825,                 1.1183,                0.63552,                 0.9972,                0.84241,                0.94895,                0.93109,                0.77112,                0.80554,                0.87256,                0.87627,                0.66242,                0.67583,                 2.1698,                0.59885,                0.91219,              0.0071785,              0.0071785,              0.0071785
                     59,                0.68937,                 1.1154,                0.66199,                0.98952,                0.78105,                 0.9084,                0.89909,                0.76139,                0.77622,                0.86389,                0.86471,                0.64448,                0.66561,                 2.1476,                0.63372,                0.91361,               0.007129,               0.007129,               0.007129
                     60,                0.70385,                 1.2131,                0.60796,                 1.0043,                0.87407,                0.83848,                0.89067,                0.76883,                0.85067,                 0.8091,                0.85305,                0.65155,                0.67794,                 2.1797,                 0.6066,                0.90631,              0.0070795,              0.0070795,              0.0070795
                     61,                0.69994,                 1.1619,                0.57359,                 0.9785,                0.87463,                0.88016,                0.92665,                0.78383,                0.89296,                 0.7897,                 0.8647,                 0.6523,                 0.6846,                 1.7539,                0.56225,                 0.9037,                0.00703,                0.00703,                0.00703
                     62,                0.69353,                 1.2731,                0.60005,                 1.0039,                0.88386,                0.88009,                0.93772,                0.79627,                 0.8444,                0.81797,                0.87283,                0.65017,                0.64128,                 1.8109,                0.56309,                0.88974,              0.0069805,              0.0069805,              0.0069805
                     63,                0.68197,                 1.1843,                0.56458,                0.97447,                0.86009,                0.81783,                0.85718,                0.67732,                0.80014,                0.77168,                 0.8007,                0.54962,                0.69699,                 2.0016,                0.63348,                0.91926,               0.006931,               0.006931,               0.006931
                     64,                0.71223,                 1.2464,                0.65139,                 1.0031,                0.90216,                0.87917,                0.89206,                0.71277,                0.85379,                0.81739,                 0.8337,                0.59221,                0.69301,                 1.8696,                0.60439,                0.91602,              0.0068815,              0.0068815,              0.0068815
                     65,                0.70179,                 1.1749,                0.56316,                0.98349,                0.84186,                0.95169,                0.91143,                0.71834,                0.83681,                0.85065,                0.85045,                0.60016,                0.70441,                 1.7896,                0.56403,                0.91653,               0.006832,               0.006832,               0.006832
                     66,                0.66591,                 1.3126,                0.57551,                0.96942,                0.78667,                 0.9393,                0.90295,                0.70025,                0.84255,                0.83433,                0.84615,                 0.5752,                0.69092,                 1.8157,                0.59445,                0.92233,              0.0067825,              0.0067825,              0.0067825
                     67,                0.66319,                 1.0864,                0.56435,                0.97093,                0.83848,                0.91519,                0.90901,                0.68969,                0.79729,                0.85492,                0.86068,                0.57641,                0.73783,                 1.9043,                0.70035,                0.93894,               0.006733,               0.006733,               0.006733
                     68,                0.69745,                 1.1725,                0.58008,                0.98308,                 0.8671,                0.80464,                0.88069,                 0.6993,                0.86771,                0.81505,                 0.8515,                0.61237,                0.69149,                 1.7032,                0.66658,                 0.9092,              0.0066835,              0.0066835,              0.0066835
                     69,                0.73326,                 1.1471,                0.63096,                0.98372,                0.81232,                0.91898,                0.88112,                 0.7343,                 0.7854,                0.85188,                 0.8338,                0.63569,                0.67923,                 1.6379,                0.57068,                 0.9045,               0.006634,               0.006634,               0.006634
                     70,                0.69385,                 1.1066,                0.58233,                0.98938,                0.79676,                0.87356,                0.84429,                0.69884,                0.77651,                0.82737,                0.80883,                0.60399,                0.68585,                  1.591,                 0.6486,                0.91808,              0.0065845,              0.0065845,              0.0065845
                     71,                0.65019,                 1.1688,                0.56074,                0.98121,                0.64227,                0.85223,                0.81724,                  0.661,                0.66272,                0.78457,                0.80268,                0.57457,                0.70069,                 1.6726,                0.65158,                0.93887,               0.006535,               0.006535,               0.006535
                     72,                0.67247,                 1.1463,                0.55701,                0.96458,                0.71174,                0.84479,                0.84864,                0.69478,                0.70142,                0.83698,                 0.8357,                0.61831,                0.71156,                 1.5536,                 0.6048,                0.93958,              0.0064855,              0.0064855,              0.0064855
                     73,                0.66837,                 1.0385,                0.55582,                0.97673,                0.76723,                0.87445,                0.86537,                0.73049,                0.77123,                0.87891,                0.85577,                0.63296,                0.72866,                 1.5417,                0.60974,                0.94435,               0.006436,               0.006436,               0.006436
                     74,                0.69868,                 1.2053,                0.59847,                0.98719,                0.77938,                0.91487,                0.86241,                 0.7058,                0.77107,                0.90544,                0.85184,                0.61823,                0.71815,                 1.6645,                0.57139,                0.95323,              0.0063865,              0.0063865,              0.0063865
                     75,                0.64876,                 1.0912,                0.58989,                0.97309,                0.81111,                0.91484,                0.88929,                0.74609,                 0.8183,                0.89315,                0.87281,                 0.6305,                0.66921,                  1.843,                0.56029,                0.92063,               0.006337,               0.006337,               0.006337
                     76,                0.68334,                 1.1061,                0.57311,                0.97972,                0.92599,                0.85266,                0.91456,                0.75149,                0.94051,                0.83982,                0.89062,                0.65608,                0.70627,                 1.8486,                0.57833,                0.92709,              0.0062875,              0.0062875,              0.0062875
                     77,                0.65422,                 1.0233,                0.53036,                0.97941,                0.90017,                0.88812,                0.93289,                0.78568,                0.90854,                 0.8815,                0.89738,                 0.6686,                0.68414,                 1.6998,                0.54607,                 0.9166,               0.006238,               0.006238,               0.006238
                     78,                0.68298,                 1.0393,                0.55325,                0.97546,                0.93825,                0.86708,                0.94408,                0.77429,                 0.9424,                0.87154,                0.89094,                0.65884,                0.68195,                  2.043,                0.54018,                0.91876,              0.0061885,              0.0061885,              0.0061885
                     79,                0.66526,                 1.1286,                0.54825,                0.97978,                0.96266,                0.86447,                0.94677,                0.81382,                0.96266,                0.86447,                0.89825,                0.70112,                0.65687,                 2.3874,                0.49391,                  0.904,               0.006139,               0.006139,               0.006139
                     80,                0.68828,                 1.0887,                0.55498,                0.95865,                0.92604,                 0.8997,                0.95246,                0.82028,                0.91814,                0.89389,                0.89889,                 0.6973,                0.67498,                 1.8617,                0.48788,                0.91033,              0.0060895,              0.0060895,              0.0060895
                     81,                0.66374,                 1.0613,                0.52726,                0.96384,                0.86552,                0.95725,                0.95521,                 0.8134,                0.91579,                0.89088,                0.90665,                  0.703,                0.66529,                 1.8067,                0.47607,                0.91095,                0.00604,                0.00604,                0.00604
                     82,                0.63312,                 1.0533,                0.51238,                0.95524,                0.92944,                0.90749,                0.95558,                0.81222,                0.92698,                0.90354,                0.90389,                 0.6987,                0.65596,                 1.4161,                0.48368,                0.90946,              0.0059905,              0.0059905,              0.0059905
                     83,                0.64062,                 1.1264,                0.53456,                 0.9668,                0.89029,                0.90899,                0.93934,                  0.796,                 0.8578,                0.87089,                0.89133,                0.68535,                0.65581,                 1.6273,                0.50921,                0.91064,               0.005941,               0.005941,               0.005941
                     84,                0.64069,                 1.1513,                0.51659,                  0.953,                0.86516,                0.95801,                0.93495,                0.78948,                0.83118,                0.89087,                0.88568,                0.68609,                0.66656,                 1.5389,                0.50907,                 0.9166,              0.0058915,              0.0058915,              0.0058915
                     85,                0.63526,                  1.056,                0.52512,                0.97467,                0.87836,                0.89214,                0.92439,                0.76894,                 0.8541,                0.85532,                0.86933,                0.65804,                0.67743,                 1.6858,                0.51457,                0.91664,               0.005842,               0.005842,               0.005842
                     86,                0.67251,                 1.2074,                0.54461,                0.97753,                0.84566,                0.91409,                0.92475,                 0.7695,                0.84035,                0.89158,                0.88713,                0.68374,                0.66328,                 1.3853,                0.50161,                0.91404,              0.0057925,              0.0057925,              0.0057925
                     87,                0.67101,                 1.0258,                0.55212,                0.96811,                0.85656,                0.88424,                0.90351,                0.76309,                0.87571,                0.85013,                0.87365,                0.65752,                0.64681,                 1.5343,                0.49123,                0.90668,               0.005743,               0.005743,               0.005743
                     88,                0.63786,                   1.04,                0.51987,                0.95959,                0.80817,                0.86867,                0.89195,                0.73135,                0.80692,                0.79816,                0.82943,                0.64045,                0.65951,                 1.4504,                0.56666,                0.91983,              0.0056935,              0.0056935,              0.0056935
                     89,                 0.6557,                 1.1101,                0.56052,                0.97615,                0.91749,                0.91298,                0.93432,                0.79269,                 0.8774,                0.86943,                0.87661,                0.68511,                0.64798,                 1.7992,                0.49595,                0.91509,               0.005644,               0.005644,               0.005644
                     90,                 0.6149,                 1.0173,                0.51695,                0.96826,                0.85138,                0.92028,                 0.9253,                0.78067,                0.85605,                0.84836,                0.88044,                0.68038,                0.65388,                 1.8271,                0.52666,                0.92185,              0.0055945,              0.0055945,              0.0055945
                     91,                0.63517,                 1.0617,                0.52484,                0.94743,                0.85783,                0.88275,                0.90099,                0.77829,                0.86556,                0.83899,                0.86814,                0.67681,                0.62482,                 1.4231,                0.57638,                 0.8894,               0.005545,               0.005545,               0.005545
                     92,                0.62431,                 1.0846,                0.50314,                0.97203,                0.86145,                0.90812,                0.90904,                0.78401,                0.82701,                0.88002,                0.86795,                0.68149,                0.66673,                 1.6733,                0.59494,                 0.8965,              0.0054955,              0.0054955,              0.0054955
                     93,                0.63099,                0.99602,                 0.5541,                0.96689,                0.82858,                0.88761,                0.89454,                0.77045,                0.80345,                0.87033,                0.86461,                0.67831,                0.64604,                 1.3638,                0.65054,                0.88467,               0.005446,               0.005446,               0.005446
                     94,                0.61615,                 1.0524,                0.50257,                0.94575,                0.92036,                0.86597,                0.91579,                0.79789,                0.82951,                0.82093,                0.84563,                0.68309,                0.61262,                 1.7114,                0.51331,                 0.8819,              0.0053965,              0.0053965,              0.0053965
                     95,                0.63423,                 1.0444,                0.52712,                0.98855,                0.91697,                0.86118,                0.90863,                 0.7858,                0.97695,                0.83196,                0.86781,                0.68596,                0.61997,                 1.4061,                0.54668,                0.87366,               0.005347,               0.005347,               0.005347
                     96,                0.65238,                 1.0778,                0.53008,                0.95175,                0.92478,                0.87981,                0.93038,                0.79812,                0.81756,                0.88593,                0.87569,                0.67593,                0.62797,                 1.3914,                0.55322,                  0.879,              0.0052975,              0.0052975,              0.0052975
                     97,                0.66899,                 1.1609,                0.56237,                0.96577,                0.86656,                0.90948,                0.92438,                0.78882,                0.83206,                0.88647,                0.87633,                0.67156,                0.62852,                 1.3885,                0.58378,                0.89609,               0.005248,               0.005248,               0.005248
                     98,                0.64589,                 1.2258,                 0.5157,                0.95743,                0.85362,                0.92075,                0.91787,                0.77594,                0.83183,                0.89591,                0.86697,                0.64308,                0.63364,                 1.4569,                0.63125,                0.90003,              0.0051985,              0.0051985,              0.0051985
                     99,                0.64123,                 1.1498,                0.50472,                0.95805,                0.83472,                0.93362,                0.90298,                0.77458,                0.80777,                0.87656,                0.83792,                0.64139,                0.64898,                 1.5893,                0.54324,                0.91289,               0.005149,               0.005149,               0.005149
                    100,                0.61982,                0.98336,                0.50372,                0.94453,                0.82546,                0.92522,                0.91301,                0.77424,                0.78725,                0.85201,                0.82948,                0.64783,                 0.6458,                  1.706,                0.56007,                0.89956,              0.0050995,              0.0050995,              0.0050995
                    101,                0.66296,                 1.1458,                 0.5253,                 0.9444,                0.80267,                0.91155,                0.90701,                0.76416,                   0.77,                0.83831,                0.84655,                0.64758,                0.62342,                 1.6646,                0.53433,                0.89654,                0.00505,                0.00505,                0.00505
                    102,                0.60438,                 1.0028,                0.48187,                0.95314,                0.81661,                0.92351,                0.93889,                0.79014,                0.79342,                0.86197,                0.87356,                0.65342,                 0.6244,                 1.8744,                0.49449,                0.90233,              0.0050005,              0.0050005,              0.0050005
                    103,                 0.6254,                 1.1159,                0.50949,                0.96199,                0.84296,                0.93489,                0.94746,                0.80778,                0.81266,                0.89519,                0.88264,                0.66542,                0.60789,                 1.8868,                0.49434,                0.90067,               0.004951,               0.004951,               0.004951
                    104,                0.61947,                   1.09,                0.47825,                0.94609,                0.90931,                0.93799,                0.95769,                0.82184,                0.87713,                0.88837,                0.88995,                0.67967,                0.65044,                 1.9517,                0.48444,                0.89856,              0.0049015,              0.0049015,              0.0049015
                    105,                0.60898,                 1.0415,                0.48237,                0.94177,                0.89134,                0.91784,                0.95399,                0.82112,                 0.8648,                0.87161,                0.89912,                0.70357,                0.61857,                 1.7102,                0.46485,                0.89661,               0.004852,               0.004852,               0.004852
                    106,                0.61586,                 1.0611,                0.48214,                0.95673,                0.82268,                0.96173,                0.93248,                0.78329,                0.87447,                0.77876,                0.85356,                0.66354,                0.62825,                  1.845,                0.48091,                 0.8986,              0.0048025,              0.0048025,              0.0048025
                    107,                0.61757,                 1.0372,                0.48254,                0.95596,                 0.8857,                0.95492,                 0.9441,                0.81162,                0.84909,                0.88883,                0.88595,                0.69092,                0.63153,                 1.7401,                0.49032,                0.88965,               0.004753,               0.004753,               0.004753
                    108,                0.60878,                 1.0121,                 0.4951,                0.95621,                0.89712,                0.89083,                0.91421,                0.78301,                0.84351,                0.82535,                0.85185,                0.66662,                0.64148,                 1.6614,                0.51672,                0.88925,              0.0047035,              0.0047035,              0.0047035
                    109,                0.59571,                0.99633,                0.47854,                0.92677,                0.89072,                0.96204,                0.94162,                0.81706,                 0.8449,                0.88565,                0.88446,                0.70414,                0.62202,                 1.5948,                0.49222,                0.88252,               0.004654,               0.004654,               0.004654
                    110,                0.60999,                0.92911,                0.49587,                 0.9396,                0.90525,                0.94772,                0.95909,                0.82561,                 0.8722,                 0.9018,                0.91789,                0.72737,                 0.6212,                 1.5869,                0.49374,                0.87576,              0.0046045,              0.0046045,              0.0046045
                    111,                0.59609,                0.99611,                0.47704,                0.93106,                0.87869,                0.92392,                0.94531,                0.81507,                0.86402,                 0.8921,                0.91224,                0.71125,                0.61069,                 1.6814,                0.49288,                0.87911,               0.004555,               0.004555,               0.004555
                    112,                0.61342,                0.99711,                0.50573,                 0.9375,                0.75663,                0.90956,                0.86063,                0.74431,                0.73797,                0.85249,                0.82389,                0.63317,                0.60666,                 1.6435,                0.49985,                0.88122,              0.0045055,              0.0045055,              0.0045055
                    113,                0.60498,                0.99799,                0.47857,                0.94585,                0.72681,                 0.8373,                0.83915,                0.71648,                0.69516,                0.84376,                0.79675,                 0.6249,                0.61421,                 1.7601,                0.50972,                0.88325,               0.004456,               0.004456,               0.004456
                    114,                0.59832,                0.93615,                 0.4869,                0.94924,                0.75289,                0.78077,                0.80666,                0.68224,                0.65074,                0.77667,                0.74631,                0.58935,                0.61797,                 1.8569,                0.48811,                0.88749,              0.0044065,              0.0044065,              0.0044065
                    115,                0.58518,                0.99529,                0.45391,                0.93377,                0.89631,                0.82843,                 0.8344,                0.69963,                0.85328,                0.75935,                0.75921,                0.58996,                 0.6235,                 1.9204,                0.48648,                0.89885,               0.004357,               0.004357,               0.004357
                    116,                0.60762,                 1.0492,                0.49886,                0.95425,                0.75246,                0.89178,                0.86547,                0.72862,                0.72215,                0.82427,                0.78688,                 0.6034,                0.62678,                  1.925,                0.48132,                0.89843,              0.0043075,              0.0043075,              0.0043075
                    117,                0.60155,                0.99894,                0.46766,                0.94032,                  0.819,                0.90611,                0.86441,                0.72593,                0.77585,                0.83697,                0.79252,                0.61388,                0.60502,                  1.801,                0.46891,                0.89718,               0.004258,               0.004258,               0.004258
                    118,                0.61424,                0.96079,                0.49757,                0.95644,                0.84513,                0.94715,                0.89464,                0.77253,                0.80034,                0.87745,                0.81901,                0.64227,                0.63814,                 1.7333,                0.46083,                0.89167,              0.0042085,              0.0042085,              0.0042085
                    119,                 0.6395,                0.98308,                0.47825,                0.95815,                0.85483,                0.97352,                0.89205,                0.77206,                 0.8094,                 0.9033,                 0.8168,                0.63631,                0.60495,                 1.6209,                0.46848,                0.89209,               0.004159,               0.004159,               0.004159
                    120,                0.57942,                0.98541,                 0.4748,                0.93956,                0.83451,                0.97014,                0.90333,                0.77792,                0.79045,                0.90703,                0.82567,                0.64823,                0.61355,                 1.5349,                0.48013,                0.89045,              0.0041095,              0.0041095,              0.0041095
                    121,                0.58481,                0.90422,                0.45586,                 0.9327,                0.76546,                  0.943,                 0.8713,                0.74491,                0.73828,                 0.8904,                0.83059,                0.64017,                0.61594,                 1.3982,                0.48789,                0.89018,                0.00406,                0.00406,                0.00406
                    122,                0.58187,                 1.0839,                0.45207,                0.93312,                 0.7438,                0.89305,                0.85408,                0.74232,                0.72622,                0.82656,                0.81202,                0.63899,                0.61525,                 1.4714,                0.50119,                0.89366,              0.0040105,              0.0040105,              0.0040105
                    123,                0.57837,                0.94557,                0.43418,                0.93458,                0.82941,                0.87921,                0.88477,                0.68746,                0.79459,                0.79906,                0.83029,                0.56661,                 0.6486,                 1.7431,                0.54561,                0.90815,               0.003961,               0.003961,               0.003961
                    124,                0.61111,                 1.0139,                0.48215,                0.95059,                0.74444,                0.96309,                0.86982,                0.72441,                0.71095,                0.90179,                0.83089,                0.62229,                 0.6451,                 1.4363,                0.51855,                0.89886,              0.0039115,              0.0039115,              0.0039115
                    125,                  0.608,                0.91485,                0.50295,                0.95393,                0.82749,                0.96672,                0.91758,                   0.77,                0.79225,                0.90906,                0.85877,                0.65783,                0.61215,                 1.3784,                0.48266,                0.88072,               0.003862,               0.003862,               0.003862
                    126,                0.60322,                   0.93,                0.46759,                0.95007,                0.83609,                0.96036,                0.93071,                0.78794,                0.80453,                0.90713,                0.85875,                0.64736,                0.62461,                   1.43,                0.47833,                0.88421,              0.0038125,              0.0038125,              0.0038125
                    127,                0.59811,                0.91971,                0.48304,                0.94497,                 0.8345,                0.97389,                0.94371,                0.79758,                0.80157,                0.91687,                0.86874,                0.65668,                0.61736,                 1.4922,                0.46647,                0.88283,               0.003763,               0.003763,               0.003763
                    128,                0.61786,                 1.1954,                0.53442,                0.96295,                 0.8814,                0.97272,                0.96101,                0.81527,                0.84673,                0.91582,                0.88246,                 0.6931,                0.62099,                 1.6417,                 0.4553,                0.88401,              0.0037135,              0.0037135,              0.0037135
                    129,                 0.6159,                 1.0141,                0.48028,                0.96311,                0.88463,                0.90217,                0.94802,                0.80821,                0.79534,                0.91718,                 0.8651,                 0.6727,                0.61242,                 1.5436,                 0.4529,                0.88311,               0.003664,               0.003664,               0.003664
                    130,                0.57772,                0.89662,                0.45133,                0.95496,                0.84491,                0.98116,                0.94181,                0.79434,                0.81113,                0.93051,                 0.8637,                0.65975,                0.61557,                 1.4104,                0.44827,                 0.8853,              0.0036145,              0.0036145,              0.0036145
                    131,                0.59719,                 1.0144,                 0.4668,                0.93506,                0.89249,                0.89543,                0.91615,                0.77867,                0.85112,                0.84378,                0.86213,                0.65911,                0.60468,                 1.3668,                0.47277,                0.87858,               0.003565,               0.003565,               0.003565
                    132,                0.57337,                0.94644,                0.45544,                0.92538,                0.86642,                 0.8665,                0.90757,                0.77295,                0.80941,                0.83304,                0.85783,                0.65806,                0.60181,                 1.3454,                0.47232,                0.87191,              0.0035155,              0.0035155,              0.0035155
                    133,                0.56545,                0.86353,                0.44748,                0.92534,                0.92804,                0.64451,                0.85036,                0.72432,                0.77708,                0.55523,                0.74334,                0.57805,                0.67941,                 1.7467,                0.99668,                0.92197,               0.003466,               0.003466,               0.003466
                    134,                0.54915,                0.94307,                0.44426,                0.93266,                0.90066,                0.73702,                0.91901,                0.75939,                0.84135,                0.67669,                0.85863,                0.65677,                0.63759,                 1.3394,                0.79561,                0.90358,              0.0034165,              0.0034165,              0.0034165
                    135,                0.57325,                0.98516,                 0.4511,                0.92583,                0.85204,                0.80301,                0.91283,                 0.7657,                0.68578,                0.89023,                0.86456,                 0.6594,                0.63062,                 1.4075,                0.62834,                0.90192,               0.003367,               0.003367,               0.003367
                    136,                0.57847,                0.94475,                0.48745,                 0.9507,                0.73889,                0.93841,                0.90601,                0.75625,                0.71998,                0.86202,                0.85275,                0.65535,                0.62436,                 1.5668,                0.53702,                0.89207,              0.0033175,              0.0033175,              0.0033175
                    137,                0.54595,                0.87603,                0.41552,                0.90655,                0.82472,                0.90726,                 0.9006,                 0.7494,                0.79913,                0.83933,                0.86397,                0.65538,                0.62597,                 1.7221,                0.49626,                0.89233,               0.003268,               0.003268,               0.003268
                    138,                0.57732,                 0.9269,                0.45605,                 0.9417,                0.84874,                0.93226,                0.90948,                0.76849,                0.81931,                0.87127,                0.86897,                0.65978,                0.61231,                 1.7066,                 0.4597,                0.88853,              0.0032185,              0.0032185,              0.0032185
                    139,                0.54892,                0.87653,                0.44851,                0.92671,                0.88643,                0.98693,                0.93488,                0.78243,                0.86742,                 0.9158,                0.89624,                0.68754,                0.61863,                 1.5719,                0.44549,                  0.891,               0.003169,               0.003169,               0.003169
                    140,                0.55606,                 1.0413,                0.42352,                0.94572,                0.88052,                0.91304,                0.92296,                0.77915,                0.86189,                0.89371,                0.87439,                 0.6899,                 0.6081,                 1.5163,                0.43866,                0.88619,              0.0031195,              0.0031195,              0.0031195
                    141,                0.57254,                0.96269,                 0.4302,                0.93012,                0.81104,                0.91155,                 0.9245,                0.77901,                0.84568,                0.86796,                0.87748,                0.69977,                0.60611,                 1.4685,                0.47679,                0.88792,                0.00307,                0.00307,                0.00307
                    142,                0.56049,                0.90864,                0.43497,                0.94683,                0.82424,                 0.9021,                0.93312,                0.79771,                0.80706,                0.87629,                0.89697,                0.69988,                0.59562,                 1.5221,                0.49087,                0.88326,              0.0030205,              0.0030205,              0.0030205
                    143,                0.55908,                0.93435,                0.42029,                0.92212,                0.86388,                0.97213,                0.95357,                0.81903,                0.83713,                0.91506,                0.91443,                0.71872,                0.58255,                 1.7794,                0.46231,                0.87482,               0.002971,               0.002971,               0.002971
                    144,                0.57587,                0.98388,                0.46431,                0.95428,                0.79588,                0.97958,                0.93403,                0.79345,                 0.7597,                0.91718,                0.88507,                0.69678,                0.59098,                 1.8115,                0.46008,                0.87747,              0.0029215,              0.0029215,              0.0029215
                    145,                0.56238,                 1.0083,                0.42989,                0.93345,                 0.8496,                 0.9421,                0.93555,                0.79191,                0.82493,                0.88707,                0.88601,                0.69882,                0.60011,                 1.7454,                0.45563,                0.88426,               0.002872,               0.002872,               0.002872
                    146,                0.54873,                0.96739,                0.43247,                0.93006,                0.79342,                0.92459,                0.90227,                0.76942,                0.76616,                0.86752,                0.85985,                0.67293,                0.60096,                 1.7222,                0.46444,                0.89373,              0.0028225,              0.0028225,              0.0028225
                    147,                0.53678,                0.92455,                0.39477,                0.92921,                0.86599,                0.89605,                0.90722,                0.77766,                0.83749,                0.84125,                0.85721,                0.67082,                0.59316,                 2.0174,                0.46433,                0.88717,               0.002773,               0.002773,               0.002773
                    148,                0.58292,                0.93839,                0.44731,                0.94191,                 0.7857,                0.94228,                0.88598,                0.75498,                 0.7622,                0.88593,                 0.8328,                0.65665,                0.60375,                 2.0237,                0.47182,                0.88486,              0.0027235,              0.0027235,              0.0027235
                    149,                0.56539,                 1.5463,                0.45348,                0.92193,                 0.7845,                0.93869,                0.87466,                0.74619,                 0.7628,                0.88593,                0.82041,                0.64685,                0.60728,                 1.9723,                 0.4663,                0.88687,               0.002674,               0.002674,               0.002674
                    150,                0.54142,                0.89166,                0.43048,                0.90733,                0.78816,                0.95069,                0.87787,                0.74359,                 0.7706,                0.90219,                0.81814,                0.64369,                0.60152,                 1.8894,                0.45858,                0.88828,              0.0026245,              0.0026245,              0.0026245
                    151,                0.56544,                0.87444,                0.42306,                0.91275,                0.80058,                0.92674,                0.89551,                0.76442,                0.77068,                0.87373,                0.83897,                0.65301,                0.60954,                 1.7116,                0.44811,                0.88481,               0.002575,               0.002575,               0.002575
                    152,                0.53836,                0.95513,                0.42229,                0.91538,                0.83562,                0.94355,                0.89561,                0.76189,                0.81151,                0.88648,                0.85243,                0.66748,                0.61396,                 1.6557,                0.45025,                0.88809,              0.0025255,              0.0025255,              0.0025255
                    153,                0.55227,                0.96247,                0.41822,                 0.9276,                0.83781,                0.93907,                0.89799,                0.76824,                0.82296,                0.88163,                0.85301,                0.66585,                0.59757,                 1.5389,                0.42628,                 0.8753,               0.002476,               0.002476,               0.002476
                    154,                0.54832,                0.98048,                0.42403,                0.92904,                0.82958,                0.94249,                0.89943,                0.77129,                0.81015,                0.86231,                0.84052,                0.66521,                0.59216,                  1.408,                0.42209,                 0.8723,              0.0024265,              0.0024265,              0.0024265
                    155,                0.53266,                0.83859,                0.41533,                0.93827,                0.85182,                0.98366,                0.90767,                0.77778,                0.81291,                0.91176,                0.85081,                0.66589,                  0.597,                 1.3125,                0.42248,                0.87878,               0.002377,               0.002377,               0.002377
                    156,                0.52981,                0.83626,                 0.4201,                0.92225,                0.86634,                0.87105,                0.90214,                0.77794,                 0.8574,                0.86848,                0.86718,                0.68285,                0.60245,                 1.3019,                0.42666,                0.87985,              0.0023275,              0.0023275,              0.0023275
                    157,                0.55393,                0.90117,                0.42589,                0.92927,                0.79153,                  0.963,                0.90197,                0.77448,                0.80233,                0.88419,                0.86752,                 0.6811,                0.59646,                 1.3307,                0.42276,                 0.8775,               0.002278,               0.002278,               0.002278
                    158,                0.54227,                0.89419,                0.40585,                0.92889,                0.85931,                0.89554,                0.91264,                 0.7922,                0.84862,                0.87558,                0.87852,                0.69532,                0.59734,                 1.3095,                0.42526,                0.88085,              0.0022285,              0.0022285,              0.0022285
                    159,                0.57096,                 0.9587,                0.41895,                0.93189,                0.85332,                0.90948,                0.93016,                0.81911,                0.84148,                0.88246,                0.89888,                0.71041,                0.58187,                 1.2755,                0.43371,                0.87103,               0.002179,               0.002179,               0.002179
                    160,                0.55313,                0.92473,                0.41967,                 0.9211,                 0.8655,                0.91833,                0.93186,                0.82426,                0.85158,                0.89108,                0.89984,                 0.7117,                0.58499,                 1.3725,                0.43807,                0.87145,              0.0021295,              0.0021295,              0.0021295
                    161,                0.56333,                0.90457,                0.40847,                 0.9207,                 0.8897,                0.94165,                0.95519,                0.83557,                0.85063,                0.88246,                0.90307,                  0.722,                0.58002,                  1.446,                0.42032,                0.86596,                0.00208,                0.00208,                0.00208
                    162,                0.54577,                0.81358,                0.40429,                0.93448,                0.86892,                0.97689,                0.96174,                0.83425,                0.85892,                0.88246,                0.90525,                 0.7284,                0.58234,                 1.4888,                0.41011,                 0.8612,              0.0020305,              0.0020305,              0.0020305
                    163,                0.52422,                0.86454,                0.39007,                0.91202,                0.90984,                0.95219,                0.96417,                0.83137,                0.88441,                0.89769,                0.91038,                0.72847,                0.59433,                 1.5399,                0.39826,                0.87153,               0.001981,               0.001981,               0.001981
                    164,                0.56489,                0.99511,                0.43147,                0.94541,                0.91059,                0.96439,                0.95278,                0.82933,                0.88784,                0.89966,                0.90211,                0.72101,                0.58718,                 1.5576,                0.39721,                0.86499,              0.0019315,              0.0019315,              0.0019315
                    165,                0.53086,                0.92387,                 0.3929,                0.92239,                0.90957,                0.97169,                0.95415,                0.82639,                0.88783,                0.89906,                0.89927,                0.71951,                 0.5835,                 1.5556,                0.40459,                0.86487,               0.001882,               0.001882,               0.001882
                    166,                0.53661,                0.83316,                0.38887,                0.90875,                0.91278,                0.96756,                0.95527,                0.82687,                0.87765,                0.89719,                0.89763,                0.71769,                0.58445,                 1.5263,                0.40578,                0.86074,              0.0018325,              0.0018325,              0.0018325
                    167,                0.52791,                 0.8232,                0.39305,                0.94173,                0.90516,                0.97332,                0.95807,                0.83803,                0.88387,                0.89707,                0.89024,                0.71279,                0.58263,                 1.5756,                0.40044,                0.85931,               0.001783,               0.001783,               0.001783
                    168,                0.54721,                0.85031,                0.40485,                 0.9512,                0.90473,                0.93477,                0.94905,                0.83255,                0.87495,                0.89489,                0.88645,                0.71304,                0.59048,                 1.5266,                0.39967,                0.86357,              0.0017335,              0.0017335,              0.0017335
                    169,                0.54354,                0.84066,                0.39314,                0.90332,                0.88483,                0.92966,                0.94467,                0.83088,                0.86046,                0.89336,                0.88514,                0.70803,                0.58807,                 1.5346,                0.41099,                 0.8635,               0.001684,               0.001684,               0.001684
                    170,                0.52447,                0.82728,                0.40325,                0.91338,                0.88829,                 0.9378,                0.94721,                0.83155,                0.86035,                0.89639,                0.88178,                0.71053,                0.58632,                 1.4788,                0.41033,                0.86324,              0.0016345,              0.0016345,              0.0016345
                    171,                0.52883,                0.81978,                0.39636,                 0.9405,                0.88193,                0.97505,                0.94301,                0.83168,                0.84144,                0.89816,                0.89271,                0.70991,                 0.5806,                 1.4634,                0.42268,                0.85626,               0.001585,               0.001585,               0.001585
                    172,                0.54022,                0.84648,                0.39255,                0.92856,                0.87751,                0.98378,                0.94228,                0.82791,                0.83647,                0.90791,                0.89344,                0.70532,                 0.5782,                 1.4613,                0.42065,                0.85424,              0.0015355,              0.0015355,              0.0015355
                    173,                0.51636,                0.88555,                0.40411,                0.92697,                0.86442,                0.97153,                 0.9411,                0.82222,                  0.824,                0.89491,                0.89223,                 0.6973,                0.57473,                 1.4931,                0.42245,                0.85388,               0.001486,               0.001486,               0.001486
                    174,                 0.4905,                0.81897,                0.37152,                  0.912,                0.86105,                 0.9621,                0.93973,                0.82119,                0.84287,                0.90376,                0.90683,                0.69961,                0.57141,                  1.426,                0.42164,                0.85344,              0.0014365,              0.0014365,              0.0014365
                    175,                0.52222,                0.92174,                0.37763,                 0.9195,                 0.8866,                0.96987,                0.94615,                0.82133,                0.85066,                 0.9006,                0.90639,                0.71273,                0.57367,                  1.297,                0.42822,                0.85192,               0.001387,               0.001387,               0.001387
                    176,                0.50038,                0.80356,                0.38249,                0.90576,                0.88973,                0.98038,                0.94785,                0.82197,                0.85807,                0.90412,                0.90108,                  0.705,                0.57484,                 1.3406,                0.43385,                0.85306,              0.0013375,              0.0013375,              0.0013375
                    177,                0.52935,                0.84687,                0.39856,                0.91614,                0.89484,                0.97622,                0.95838,                 0.8283,                 0.8572,                0.90408,                0.90808,                0.71058,                0.57887,                 1.4223,                 0.4288,                0.85675,               0.001288,               0.001288,               0.001288
                    178,                0.50066,                0.81729,                0.37608,                0.91032,                0.88823,                0.93959,                0.95578,                0.82303,                0.88344,                0.89522,                0.90812,                0.71974,                 0.5858,                 1.5144,                0.42289,                0.86039,              0.0012385,              0.0012385,              0.0012385
                    179,                0.53097,                0.88994,                 0.3917,                0.92597,                0.92736,                0.90133,                 0.9526,                0.82059,                0.92061,                0.89288,                0.90212,                0.72936,                 0.5824,                 1.6281,                0.41858,                0.86249,               0.001189,               0.001189,               0.001189
                    180,                0.51223,                0.83832,                0.38387,                0.90993,                0.95927,                0.89903,                0.95201,                0.81995,                0.95075,                0.89058,                 0.9002,                0.73672,                0.58406,                 1.6612,                0.42926,                0.86164,              0.0011395,              0.0011395,              0.0011395
                    181,                0.52481,                0.94028,                0.37934,                0.91376,                 0.9625,                0.89395,                0.95375,                0.81864,                0.95186,                0.88625,                0.89547,                0.73771,                0.58298,                 1.6737,                0.41476,                0.86195,                0.00109,                0.00109,                0.00109
                    182,                0.52462,                0.86129,                0.37088,                0.90989,                 0.9616,                0.89516,                0.94489,                0.82181,                0.94619,                0.88191,                0.89724,                0.73471,                0.57603,                 1.7537,                0.40636,                0.85354,              0.0010405,              0.0010405,              0.0010405
                    183,                0.52836,                0.83945,                0.39054,                0.91737,                0.95037,                0.90789,                0.94423,                0.81949,                0.94969,                0.90985,                0.91567,                0.72731,                0.57574,                 1.7912,                0.40113,                0.85491,               0.000991,               0.000991,               0.000991
                    184,                0.51035,                 0.8308,                0.34803,                0.90314,                0.96867,                0.90468,                0.94297,                0.81925,                0.96572,                0.91146,                0.91726,                0.72042,                0.57072,                 1.7693,                0.39302,                0.85389,              0.0009415,              0.0009415,              0.0009415
                    185,                0.50008,                0.79508,                 0.3662,                0.91429,                0.94198,                0.91175,                0.94415,                0.82279,                0.94287,                0.91287,                0.91749,                0.72165,                0.56995,                 1.7693,                0.38848,                 0.8544,               0.000892,               0.000892,               0.000892
                    186,                0.52571,                0.83431,                0.39217,                0.91294,                 0.9542,                0.90225,                 0.9455,                0.81882,                0.95363,                0.90379,                0.91875,                0.72038,                0.57148,                 1.7081,                0.38268,                0.85626,              0.0008425,              0.0008425,              0.0008425
                    187,                0.50297,                0.83485,                0.38633,                0.91861,                0.95499,                 0.8944,                0.95183,                0.81949,                0.95379,                0.89625,                0.91935,                 0.7225,                0.57397,                 1.7021,                0.38012,                0.85602,               0.000793,               0.000793,               0.000793
                    188,                0.53032,                 0.8664,                0.38629,                0.91393,                0.94078,                0.90405,                0.95269,                0.82157,                0.94058,                0.90642,                0.91976,                0.72425,                0.56843,                 1.6858,                0.38022,                0.85526,              0.0007435,              0.0007435,              0.0007435
                    189,                0.52719,                 0.8902,                0.38345,                0.91236,                0.93425,                0.90682,                0.94585,                0.82223,                0.93454,                 0.9093,                0.92881,                0.73585,                0.56416,                 1.7426,                0.37856,                0.85207,               0.000694,               0.000694,               0.000694
                    190,                0.51624,                0.88665,                0.44297,                0.91022,                0.92554,                0.91175,                0.95301,                0.82083,                0.93117,                0.91718,                0.92902,                0.73595,                0.56459,                 1.7266,                0.37361,                0.85266,              0.0006445,              0.0006445,              0.0006445
                    191,                0.57672,                 1.1693,                 0.4947,                0.94314,                0.89074,                0.98364,                0.96524,                0.83849,                0.91089,                0.91672,                0.92919,                0.73194,                0.56917,                  1.653,                0.38269,                0.85386,               0.000595,               0.000595,               0.000595
                    192,                0.52749,                0.99475,                0.44003,                0.92245,                0.89121,                0.98325,                0.96584,                0.84586,                0.90461,                 0.9184,                 0.9299,                0.73699,                0.57192,                 1.6429,                0.38905,                0.85777,              0.0005455,              0.0005455,              0.0005455
                    193,                0.55343,                 0.8587,                0.43391,                0.94032,                0.89163,                0.97425,                0.96602,                0.84914,                0.90282,                0.91707,                0.92997,                0.73722,                0.57316,                 1.6233,                0.39078,                0.86126,               0.000496,               0.000496,               0.000496
                    194,                0.53885,                0.85435,                   0.41,                0.91111,                0.89819,                0.97425,                0.96587,                0.85041,                0.89984,                0.91649,                0.92996,                0.74048,                0.57114,                 1.6269,                0.39068,                0.86002,              0.0004465,              0.0004465,              0.0004465
                    195,                 0.5212,                0.82139,                0.39618,                0.90442,                0.91389,                0.97352,                 0.9642,                0.84653,                0.89738,                 0.9102,                0.92838,                0.73981,                 0.5703,                 1.6219,                 0.3993,                0.85924,               0.000397,               0.000397,               0.000397
                    196,                0.55098,                0.87657,                0.40901,                0.90952,                0.91825,                0.97064,                0.96426,                 0.8475,                0.89437,                0.90684,                0.92839,                0.73935,                0.56772,                 1.6977,                0.40216,                0.85796,              0.0003475,              0.0003475,              0.0003475
                    197,                0.49498,                 0.8322,                 0.3829,                0.89149,                  0.919,                0.96412,                0.96549,                0.84806,                0.89906,                0.89731,                0.92951,                0.74237,                0.57105,                 1.5733,                0.40158,                0.86005,               0.000298,               0.000298,               0.000298
                    198,                0.51584,                0.92885,                0.38301,                0.89924,                0.91833,                0.96079,                0.96472,                0.84699,                 0.8975,                0.89656,                0.92883,                0.73388,                0.57079,                 1.6339,                0.40375,                0.86029,              0.0002485,              0.0002485,              0.0002485
                    199,                 0.5224,                0.87941,                0.37979,                 0.9085,                0.92558,                0.95235,                0.96369,                0.84693,                0.89931,                0.89425,                0.92496,                  0.726,                 0.5674,                 1.6967,                0.40666,                0.85911,               0.000199,               0.000199,               0.000199
